tool_name,category
"Vulnerable Children Enrolment Form - 100 sheets, A4, Bond paper, soft cover, soft bond",OVC
"Care Giver Access to Emergency Fund - 100 sheets, A4, Bond paper, soft cover, soft bond",OVC
"Household Vulnerability Assessment Form - 100 sheets, A4, Bond paper, soft cover, soft bond",OVC
"Care Plan Achievement Checklist - 100 sheets, A4, Bond paper, soft cover, soft bond",OVC
"Vulnerable Children Education Performance Assessment Tool - 100 sheets, A4, Bond paper, soft cover, soft bond",OVC
"Household_Caregiver Service Form - 100 sheets, A4, Bond paper, soft cover, soft bond",OVC
"Vulnerable Children Service Form - 100 sheets, A4, Bond paper, soft cover, soft bond",OVC
"OVC Program Offer Form - Duplicate, A4, Soft Bond, Soft Cover",OVC
"Household Care Plan Form - 100 sheets, A4, Bond paper, soft cover, soft bond",OVC
"Community Based Paediatrics Checklist - 100 sheets, A4, Bond paper, soft cover, soft bond",OVC
"Referral form for Vulnerable Household - Triplicate, A4, Soft Bond, Soft Cover",OVC
"Nutrition assessment form - 100 sheets, A4, Bond paper, soft cover, soft bond",OVC
"Care and Support checklist - 100 sheets, A4, Bond paper, soft cover, soft bond",OVC
"OVC Project Consent Form - 100 sheets, A4, Bond paper, soft cover, soft bond",OVC
"OVC Status Update Form - 100 sheets, A4, Bond paper, soft cover, soft bond",OVC
"Paediatric Initial Clinical Evaluation Form - A4, Duplicate, Soft cover, Soft bond",Paediatric Treament
Pediatric & Adolescent (0-14 years) Risk stratification Checklist,Paediatric Treament
"Paediatric Care & Support Assessment Intervention Form 1/2 - A4, Duplicate, Soft cover, Soft bond",Paediatric Treament
"Paediatric Care & Support Assessment Intervention Form 2/2 - A4, Duplicate, Soft cover, Soft bond",Paediatric Treament
"Operation Triple Zero (OTZ) Register - Bond paper, A3, Hard Bond, Hard Cover",Paediatric Treament
"Viremia Register - Bond paper, A3, Hard Bond, Hard Cover",Paediatric Treament
"Disclosure Checklist - 100 sheets, A4, Bond paper, soft cover, soft bond (Single Sheet)",Paediatric Treament
"OTZ Enrolment Forms - 100 sheets, A4, Bond paper, soft cover, soft bond (Single Sheet)",Paediatric Treament
"Peer Champion Modules - 100 sheets, A4, Bond paper, soft cover, soft bond (Single Sheet)",Paediatric Treament
"Caregivers Modules - 100 sheets, A4, Bond paper, soft cover, soft bond (Single Sheet)",Paediatric Treament
"OTZ Treatment Literacy Forms - 100 sheets, A4, Bond paper, soft cover, soft bond (Single Sheet)",Paediatric Treament
"Paediatric Care & Support Summary Form - A4, Duplicate, Soft cover, Soft bond",Paediatric Treament
"Adult Initial Clinical Evaluation  - A4, Duplicate, Soft cover, Soft bond",Adult Treatment
"Combined Pharmacy Order Form - Triplicate, A4, Soft Bond, Soft Cover",Adult Treatment
"Care/ART Card - A3, Card printed front and back",Adult Treatment
Post Exposure Prophelaxis Register,Adult Treatment
"Lab Order and Result Form - Duplicate, A4, Soft Bond, Soft Cover",Adult Treatment
"Viral Load Order and Result Form - Duplicate, A4, Soft Bond, Soft Cover",Adult Treatment
"Client Tracking & Discontinuation Form - Duplicate, A4, Soft Bond, Soft Cover",Adult Treatment
"ART Monthly Summary Form - A4, Triplicate, Soft cover, Soft bond",Adult Treatment
"HIV Care Enrolment Register ñ A3, Bond paper, Hard cover, Hard bond",Adult Treatment
"ART Register - A3, Bond paper, Hard cover, Hard bond",Adult Treatment
"HIV Patient Tracking Register ñ A3, Bond paper, Hard cover, Hard bond",Adult Treatment
"Pharmacy Daily Worksheet ñ A3, Bond paper, Hard cover, Hard bond",Adult Treatment
"Appointment Book - Bond paper, A4, Spiral Bond, Hard Cover",Adult Treatment
Community DSD Monitoring Register,Adult Treatment
Facility DSD Register,Adult Treatment
HIV Care and Treatment Transfer Form,Adult Treatment
Viral Load  Monitoring Register,Adult Treatment
Enhanced Adherence Counselling  Form,Adult Treatment
Enhanced Adherence Counselling  Monitoring Register,Adult Treatment
 DSD Assesment & Acceptance form,Adult Treatment
"Missed Appointment Register - A3, Bond paper, Hard cover, Hard bond",Adult Treatment
Advanced HIV Disease Intensive Patient  Follow up,Adult Treatment
"Client Intake Form - Bond paper, A4, Hard Bond, Soft Cover",Prevention
"Result and Request Form - Duplicate, Quoto, Soft Bond, Soft Cover",Prevention
"HTS Monthly Summary Form - Triplicate, A4, Soft Bond, Soft Cover",Prevention
"HIV testing screening checklist - 100 sheets, A4, Bond paper, Soft cover, Soft bond",Prevention
Bandasons's Screening tool or HIV Risk Assesment Tool,Prevention
"Partner Notification Service Form ñ  A4, Soft Bond, Soft Cover",Prevention
"Index Testing Register -  Bond paper, A3, Hard Bond, Hard Cover",Prevention
"Index Testing Monthly Summary Form -  Triplicate, A4, Soft Bond, Soft Cover",Prevention
"HIV Testing Services Register - Bond paper, A3, Hard Bond, Hard Cover",Prevention
"HTS Referral Register - Bond paper, A3, Hard Bond, Hard Cover",Prevention
"Client Referral Form - A4 Portrait, Triplicate, Soft Bond, Soft Cover",Prevention
"HIV Self-Testing Register - Bond paper, A3, Hard Bond, Hard Cover",Prevention
"HIV Self-Testing Monthly Summary Form - Triplicate, A4, Soft Bond, Soft Cover",Prevention
"Rapid Test for Recent Infection Proficiency Testing (PT) Result form - Bond paper, A4, Hard Bond, Soft Cover",Prevention
"Adverse Event Tracking Register - Bond paper, A3, Hard Bond, Hard Cover",Prevention
"Inventory Control Card ñ A4, Card printed in the front",Prevention
"Rapid Test for Recent Infection Form - Bond paper, A4, Hard Bond, Soft Cover",Prevention
Rapid Test for Recent Infection (RTRI) Quality Control (QC) Logbook,Prevention
"SOP for Eligibility and Consent ñ Booklet, Bond Paper, Soft Bond",Prevention
"SOP for Asante Rapid HIV-1 Recency Assay ñ Booklet, Bond Paper, Soft Bond",Prevention
"SOP for Data Collection ñ Booklet, Bond Paper, Soft Bond",Prevention
"SOP for Data capture for Known Positive Retest ñ Booklet, Bond Paper, Soft Bond",Prevention
"SOP for Reporting Adverse Events ñ Booklet, Bond Paper, Soft Bond",Prevention
"Statement of Intent to maintain Confidentiality - Bond paper, A4, Hard Bond, Soft Cover",Prevention
"SOP for Collection and Handling of Venous Blood for Viral Load Testing ñ Booklet, Bond Paper, Soft Bond",Prevention
"SOP for Collection, Handling, and transportation of Dried Blood Spot (DBS) Specimens using venous blood for Viral Load Testing ñ Booklet, Bond Paper, Soft Bond",Prevention
"SOP for QA and QC for Nigeria Recency Infection Surveillance ñ Booklet, Bond Paper, Soft Bond",Prevention
"Trace Incident Reporting Form - Bond paper, A4, Hard Bond, Soft Cover",Prevention
"Daily HIV Test Worksheet - Bond paper, A3, Hard Bond, Hard Cover",Prevention
PrEP Eligibility form,Prevention
PrEP Eligibility Register,Prevention
PrEP MSF Monthly summary form,Prevention
PrEP Register,Prevention
PrEP card,Prevention
HIV Self-Test Response and Referral Card,Prevention
Family Index Testing Form,Prevention
"PMTCT Monthly  Summary Form - Triplicate, A4, Soft Bond, Soft Cover",PMTCT
"Maternal Reporting Form - A4, Triplicate, Soft cover, Soft bond",PMTCT
"HEI Reporting Form - A4, Triplicate, Soft cover, Soft bond",PMTCT
"General ANC Register - Bond paper, A3, Hard Bond, Hard Cover",PMTCT
"PMTCT HTS Register - Bond paper, A3, Hard Bond, Hard Cover",PMTCT
"Partner Register - Bond paper, A3, Hard Bond, Hard Cover",PMTCT
"Delivery Register - Bond paper, A3, Hard Bond, Hard Cover",PMTCT
"Child Follow-up Register - Bond paper, A3, Hard Bond, Hard Cover",PMTCT
"TB ANC screening tool - A4, Duplicate, Soft cover, Soft bond",PMTCT
"PMTCT TB presumptive register - A4, Duplicate, Soft cover, Soft bond",PMTCT
"PMTCT TPT Monitoring register - A4, Duplicate, Soft cover, Soft bond",PMTCT
"Maternal Cohort Register - Bond paper, A3, Hard Bond, Hard Cover",PMTCT
 Cervical cancer screening and treatment register,PMTCT
 Cervical cancer screening and treatment referral tracker,PMTCT
 ReferralÝ slips (booklet),PMTCT
VIA Screening forms(booklet),PMTCT
 Cervical cancer screening and treatment monthly summary forms,PMTCT
"TPT Cohort Register - Bond paper, A3, Hard Bond, Hard Cover",TB
"IPT Screening Tool - A4, Card printed front and back",TB
"TB referral volunteers register - A3, Bond paper, Hard cover, Hard bond",TB
"PLHIV Presumptive TB Diagnostic Evaluation and Treatment Register -  A3, Bond paper, Hard cover, Hard bond",TB
Patient Locator Form,TB
Referral Forms ,TB
Tally Cards,TB
TB Screening Status Register,TB
"National Gender Based Violence (GBV) Incidence Form - A4, Bond paper, Soft Cover, Soft Bond",Gender
"National Gender Based Violence (GBV) Client Screening and Intake form - A4, Bond paper, Soft Cover, Soft Bond",Gender
"National Gender Based Violence (GBV) Care Register - A3, Bond paper, Hard cover, Hard bond",Gender
"Gender ñ GBV Prevention / Outreach Log - A4, Card printed in the front",Gender
"Gender Based Violence (GBV) Routine Enquiry Tool - Bond paper, A4, Hard Bond, Soft Cover",Gender
"Gender Based Violence (GBV) Routine Enquiry Tool (Treatment Support) - Bond paper, A4, Hard Bond, Soft Cover",Gender
"Gender ñ GBV Training LOG - A4, Card printed in the front",Gender
"Gender ñ GBV Monthly Reporting Summary: Referrals - A4, Bond paper, Soft Cover, Soft Bond",Gender
"Follow-Up Patient Form: PEP and POST PEP HIV TEST - A4, Bond paper, Soft Cover, Soft Bond",Gender
